date,pm25,pm10,o3,no2,so2,co,pm25_predicted,pm10_predicted,o3_predicted,no2_predicted,so2_predicted,co_predicted
2021-12-11,0.65625,0.2916666666666667,0.42857142857142855,0.2,0.2,0.4,,,,,,
2021-12-12,0.5625,0.4583333333333333,0.20408163265306123,0.56,0.2,0.4,,,,,,
2021-12-13,0.6770833333333334,0.8541666666666666,0.04081632653061224,1.04,0.2,0.9,,,,,,
2021-12-14,1.09375,1.0208333333333333,0.02040816326530612,0.96,0.2,0.9,,,,,,
2021-12-15,1.3333333333333333,0.7083333333333334,0.08163265306122448,0.68,0.2,0.6,,,,,,
2021-12-16,1.0208333333333333,0.20833333333333334,0.3673469387755102,0.24,0.2,0.1,,,,,,
2021-12-17,0.3645833333333333,0.22916666666666666,0.3877551020408163,0.24,0.2,0.1,,,,,,
2021-12-18,0.4375,0.25,0.32653061224489793,0.2,0.2,0.1,,,,,,
2021-12-19,0.5104166666666666,0.125,0.3877551020408163,0.24,0.2,0.1,,,,,,
2021-12-20,0.22916666666666666,0.1875,0.40816326530612246,0.36,0.2,0.1,,,,,,
2021-12-21,0.3020833333333333,0.5416666666666666,0.16326530612244897,0.92,0.2,0.3,,,,,,
2021-12-22,0.6875,0.7708333333333334,0.22448979591836735,0.76,0.2,0.5,,,,,,
2021-12-23,0.9583333333333334,0.6458333333333334,0.22448979591836735,0.68,0.4,0.3,,,,,,
2021-12-24,0.96875,0.375,0.4489795918367347,0.68,0.38,0.3,,,,,,
2021-12-25,0.625,0.20833333333333334,0.4897959183673469,0.44,0.36000000000000004,0.2,,,,,,
2021-12-26,0.34375,0.5833333333333334,0.1836734693877551,0.96,0.34,0.4,,,,,,
2021-12-27,0.7916666666666666,0.375,0.20408163265306123,0.52,0.32,0.3,,,,,,
2021-12-28,0.6145833333333334,0.375,0.061224489795918366,0.48,0.30000000000000004,0.4,,,,,,
2021-12-29,0.6458333333333334,0.4583333333333333,0.061224489795918366,0.52,0.28,0.5,,,,,,
2021-12-30,0.7291666666666666,0.3541666666666667,0.1836734693877551,0.6,0.26,0.5,,,,,,
2021-12-31,0.59375,0.25,0.32653061224489793,0.28,0.24000000000000002,0.2,,,,,,
2022-01-01,0.3958333333333333,0.3125,0.40816326530612246,0.64,0.22000000000000003,0.3,,,,,,
2022-01-02,0.5416666666666666,0.2916666666666667,0.4897959183673469,0.44,0.2,0.3,,,,,,
2022-01-03,0.4375,0.2708333333333333,0.3469387755102041,0.44,0.2,0.2,,,,,,
2022-01-04,0.4791666666666667,0.14583333333333334,0.46938775510204084,0.4,0.2,0.1,,,,,,
2022-01-05,0.2604166666666667,0.14583333333333334,0.40816326530612246,0.24,0.2,0.1,,,,,,
2022-01-06,0.21875,0.3333333333333333,0.2857142857142857,0.64,0.2,0.3,,,,,,
2022-01-07,0.4791666666666667,0.6041666666666666,0.1836734693877551,0.92,0.2,0.5,,,,,,
2022-01-08,0.84375,0.7291666666666666,0.22448979591836735,0.8,0.2,0.5,,,,,,
2022-01-09,1.0208333333333333,0.7291666666666666,0.2857142857142857,0.72,0.2,0.5,,,,,,
2022-01-10,1.0104166666666667,0.3125,0.3673469387755102,0.56,0.2,0.3,,,,,,
2022-01-11,0.5416666666666666,0.5416666666666666,0.2653061224489796,0.56,0.4,0.3,,,,,,
2022-01-12,0.7708333333333334,0.6666666666666666,0.3673469387755102,0.56,0.4,0.3,,,,,,
2022-01-13,0.90625,0.3333333333333333,0.32653061224489793,0.28,0.2,0.2,,,,,,
2022-01-14,0.53125,0.2916666666666667,0.4489795918367347,0.4,0.2,0.2,,,,,,
2022-01-15,0.4895833333333333,0.7708333333333334,0.10204081632653061,0.76,0.2,0.6,,,,,,
2022-01-16,1.0729166666666667,0.2708333333333333,0.3877551020408163,0.24,0.2,0.2,,,,,,
2022-01-17,0.4375,0.22916666666666666,0.4489795918367347,0.24,0.2,0.2,,,,,,
2022-01-18,0.3645833333333333,0.625,0.14285714285714285,0.8,0.2,0.4,,,,,,
2022-01-19,0.7916666666666666,0.4166666666666667,0.40816326530612246,0.56,0.2,0.3,,,,,,
2022-01-20,0.5833333333333334,0.16666666666666666,0.46938775510204084,0.2,0.2,0.1,,,,,,
2022-01-21,0.23958333333333334,0.125,0.4897959183673469,0.16,0.2,0.2,,,,,,
2022-01-22,0.21875,0.20833333333333334,0.4489795918367347,0.32,0.2,0.2,,,,,,
2022-01-23,0.3854166666666667,0.4791666666666667,0.30612244897959184,0.6,0.4,0.4,,,,,,
2022-01-24,0.6875,0.8333333333333334,0.14285714285714285,0.88,0.4,0.5,,,,,,
2022-01-25,1.0208333333333333,0.5,0.04081632653061224,0.44,0.4,0.3,,,,,,
2022-01-26,0.7708333333333334,0.4791666666666667,0.18367346938775508,0.44,0.35000000000000003,0.1,,,,,,
2022-01-27,0.71875,0.22916666666666666,0.32653061224489793,0.2,0.30000000000000004,0.1,,,,,,
2022-01-28,0.3020833333333333,0.16666666666666666,0.4693877551020408,0.24,0.25,0.1,,,,,,
2022-01-29,0.3229166666666667,0.14583333333333334,0.6122448979591837,0.16,0.2,0.1,,,,,,
2022-01-30,0.2604166666666667,0.2708333333333333,0.5918367346938775,0.32,0.2,0.1,,,,,,
2022-01-31,0.3958333333333333,0.2708333333333333,0.4489795918367347,0.36,0.2,0.1,,,,,,
2022-02-01,0.5,0.125,0.5306122448979592,0.32,0.2,0.1,,,,,,
2022-02-02,0.23958333333333334,0.2708333333333333,0.4897959183673469,0.48,0.2,0.2,,,,,,
2022-02-03,0.3125,0.625,0.32653061224489793,0.84,0.6,0.3,,,,,,
2022-02-04,0.7395833333333334,0.4791666666666667,0.02040816326530612,0.56,0.6,0.4,,,,,,
2022-02-05,0.6354166666666666,0.125,0.42857142857142855,0.32,0.2,0.2,,,,,,
2022-02-06,0.21875,0.16666666666666666,0.5714285714285714,0.24,0.2,0.1,,,,,,
2022-02-07,0.3020833333333333,0.14583333333333334,0.5102040816326531,0.2,0.2,0.2,,,,,,
2022-02-08,0.2604166666666667,0.1875,0.4489795918367347,0.4,0.2,0.2,,,,,,
2022-02-09,0.25,0.6875,0.2857142857142857,0.92,0.4,0.6,,,,,,
2022-02-10,0.8333333333333334,0.625,0.42857142857142855,0.8,0.2,0.4,,,,,,
2022-02-11,0.7604166666666666,0.25,0.4126984126984127,0.4,0.22222222222222224,0.2,,,,,,
2022-02-12,0.3958333333333333,0.375,0.3968253968253968,0.6,0.24444444444444446,0.3,,,,,,
2022-02-13,0.59375,0.6458333333333334,0.38095238095238093,0.64,0.26666666666666666,0.4,,,,,,
2022-02-14,0.84375,0.625,0.36507936507936506,0.68,0.2888888888888889,0.4,,,,,,
2022-02-15,0.84375,0.7083333333333334,0.3492063492063492,0.52,0.3111111111111111,0.4,,,,,,
2022-02-16,1.0,0.16666666666666666,0.3333333333333333,0.28,0.33333333333333337,0.3,,,,,,
2022-02-17,0.23958333333333334,0.20833333333333334,0.31746031746031744,0.44,0.35555555555555557,0.3,,,,,,
2022-02-18,0.28125,0.16666666666666666,0.30158730158730157,0.24,0.37777777777777777,0.2,,,,,,
2022-02-19,0.2708333333333333,0.1875,0.2857142857142857,0.48,0.4,0.3,,,,,,
2022-02-20,0.3229166666666667,0.3125,0.1836734693877551,0.48,0.4,0.3,,,,,,
2022-02-21,0.5208333333333334,0.16666666666666666,0.2857142857142857,0.36,0.4,0.3,,,,,,
2022-02-22,0.2604166666666667,0.1875,0.3877551020408163,0.48,0.4,0.3,,,,,,
2022-02-23,0.3020833333333333,0.5,0.5510204081632653,0.92,0.4,0.6,,,,,,
2022-02-24,0.59375,0.2916666666666667,0.46938775510204084,0.48,0.2,0.4,,,,,,
2022-02-25,0.3958333333333333,0.22916666666666666,0.5306122448979592,0.4,0.4,0.4,,,,,,
2022-02-26,0.3958333333333333,0.2916666666666667,0.5918367346938775,0.32,0.2,0.4,,,,,,
2022-02-27,0.5104166666666666,0.20833333333333334,0.46938775510204084,0.28,0.2,0.4,,,,,,
2022-02-28,0.40625,0.22916666666666666,0.5714285714285714,0.4,0.2,0.5,,,,,,
2022-03-01,0.40625,0.4583333333333333,0.5714285714285714,0.64,0.4,0.5,,,,,,
2022-03-02,0.6145833333333334,0.7708333333333334,0.5102040816326531,0.84,0.4,0.6,,,,,,
2022-03-03,0.9166666666666666,0.8125,0.3469387755102041,0.52,0.4,0.5,,,,,,
2022-03-04,1.0520833333333333,0.4375,0.2857142857142857,0.44,0.4,0.4,,,,,,
2022-03-05,0.6979166666666666,0.2916666666666667,0.32653061224489793,0.24,0.4,0.4,,,,,,
2022-03-06,0.5625,0.6666666666666666,0.3469387755102041,0.56,0.4,0.6,,,,,,
2022-03-07,0.8854166666666666,0.4791666666666667,0.5510204081632653,0.6,0.4,0.5,,,,,,
2022-03-08,0.6875,0.5416666666666666,0.5306122448979592,0.68,0.4,0.4,,,,,,
2022-03-09,0.7083333333333334,0.3958333333333333,0.6530612244897959,0.48,0.4,0.2,,,,,,
2022-03-10,0.5520833333333334,0.3333333333333333,0.6326530612244898,0.44,0.4,0.4,,,,,,
2022-03-11,0.4479166666666667,0.3958333333333333,0.673469387755102,0.6,0.4,0.4,,,,,,
2022-03-12,0.5729166666666666,0.7291666666666666,0.7142857142857143,0.96,0.4,0.6,,,,,,
2022-03-13,0.8229166666666666,0.7708333333333334,0.7346938775510204,1.0,0.6,0.6,,,,,,
2022-03-14,0.8541666666666666,0.8125,0.7551020408163265,0.84,1.0,0.5,,,,,,
2022-03-15,0.9270833333333334,0.5833333333333334,0.5306122448979592,0.52,0.4,0.3,,,,,,
2022-03-16,0.75,0.7916666666666666,0.5918367346938775,0.64,0.4,0.3,,,,,,
2022-03-17,0.9583333333333334,0.875,0.3673469387755102,0.84,0.4,0.5,,,,,,
2022-03-18,1.1354166666666667,0.8229166666666666,0.5204081632653061,0.7949999999999999,0.5,0.4625,,,,,,
2022-03-28,1.0716145833333335,0.7708333333333334,0.673469387755102,0.75,0.6,0.425,,,,,,
2022-03-29,1.0078125,0.71875,0.673469387755102,0.705,0.6,0.3875,,,,,,
2022-03-30,0.9440104166666667,0.6666666666666666,0.46938775510204084,0.6599999999999999,0.4,0.35,,,,,,
2022-03-31,0.8802083333333334,0.6145833333333333,0.2857142857142857,0.615,0.4,0.3125,,,,,,
2022-04-01,0.81640625,0.5625,0.3469387755102041,0.57,0.4,0.275,,,,,,
2022-04-02,0.7526041666666667,0.5104166666666666,0.673469387755102,0.5249999999999999,0.2,0.2375,,,,,,
2022-04-03,0.6888020833333334,0.4583333333333333,0.673469387755102,0.48,0.2,0.2,,,,,,
2022-04-04,0.625,0.3333333333333333,0.7142857142857143,0.44,0.4,0.2,,,,,,
2022-04-05,0.4583333333333333,0.375,0.7114512471655329,0.68,0.3944444444444445,0.2,,,,,,
2022-04-06,0.4583333333333333,0.4791666666666667,0.7086167800453514,0.8,0.3888888888888889,0.3,,,,,,
2022-04-07,0.5729166666666666,0.2916666666666667,0.7057823129251701,0.36,0.38333333333333336,0.2,,,,,,
2022-04-08,0.34375,0.10416666666666667,0.7029478458049887,0.24,0.3777777777777778,0.1,,,,,,
2022-04-09,0.21875,0.125,0.7001133786848073,0.16,0.37222222222222223,0.1,,,,,,
2022-04-10,0.2604166666666667,0.16666666666666666,0.6972789115646258,0.24,0.3666666666666667,0.1,,,,,,
2022-04-11,0.2604166666666667,0.3541666666666667,0.6944444444444444,0.68,0.36111111111111116,0.2,,,,,,
2022-04-12,0.5,0.4791666666666667,0.6916099773242631,0.76,0.35555555555555557,0.2,,,,,,
2022-04-13,0.6041666666666666,0.5416666666666666,0.6887755102040817,0.88,0.35000000000000003,0.3,,,,,,
2022-04-14,0.5520833333333334,0.4375,0.6859410430839002,0.64,0.34444444444444444,0.3,,,,,,
2022-04-15,0.53125,0.14583333333333334,0.6831065759637188,0.2,0.3388888888888889,0.1,,,,,,
2022-04-16,0.2916666666666667,0.10416666666666667,0.6802721088435374,0.16,0.33333333333333337,0.1,,,,,,
2022-04-17,0.19791666666666666,0.14583333333333334,0.6774376417233561,0.2,0.3277777777777778,0.1,,,,,,
2022-04-18,0.28125,0.2916666666666667,0.6746031746031746,0.4,0.32222222222222224,0.1,,,,,,
2022-04-19,0.53125,0.375,0.6717687074829932,0.44,0.31666666666666665,0.2,,,,,,
2022-04-20,0.6145833333333334,0.625,0.6689342403628118,0.88,0.3111111111111111,0.4,,,,,,
2022-04-21,0.75,0.5416666666666666,0.6660997732426304,0.76,0.3055555555555556,0.4,,,,,,
2022-04-22,0.7083333333333334,0.375,0.6632653061224489,0.36,0.30000000000000004,0.4,,,,,,
2022-04-23,0.6354166666666666,0.3333333333333333,0.6604308390022676,0.4,0.29444444444444445,0.4,,,,,,
2022-04-24,0.5104166666666666,0.20833333333333334,0.6575963718820862,0.48,0.2888888888888889,0.4,,,,,,
2022-04-25,0.2604166666666667,0.20833333333333334,0.6547619047619048,0.28,0.2833333333333333,0.3,,,,,,
2022-04-26,0.3333333333333333,0.2708333333333333,0.6519274376417233,0.44,0.2777777777777778,0.4,,,,,,
2022-04-27,0.46875,0.25,0.649092970521542,0.44,0.27222222222222225,0.4,,,,,,
2022-04-28,0.3645833333333333,0.25,0.6462585034013606,0.4,0.2666666666666667,0.3,,,,,,
2022-04-29,0.375,0.3333333333333333,0.6434240362811792,0.56,0.2611111111111111,0.3,,,,,,
2022-04-30,0.4895833333333333,0.3125,0.6405895691609977,0.48,0.25555555555555554,0.3,,,,,,
2022-05-01,0.46875,0.3541666666666667,0.6377551020408163,0.56,0.25,0.4,,,,,,
2022-05-02,0.4375,0.375,0.6349206349206349,0.6,0.24444444444444446,0.4,,,,,,
2022-05-03,0.46875,0.3541666666666667,0.6320861678004536,0.52,0.2388888888888889,0.4,,,,,,
2022-05-04,0.46875,0.375,0.6292517006802721,0.6,0.23333333333333334,0.4,,,,,,
2022-05-05,0.4791666666666667,0.4166666666666667,0.6264172335600907,0.56,0.2277777777777778,0.4,,,,,,
2022-05-06,0.5520833333333334,0.3541666666666667,0.6235827664399093,0.32,0.22222222222222224,0.4,,,,,,
2022-05-07,0.5,0.2916666666666667,0.620748299319728,0.24,0.21666666666666667,0.4,,,,,,
2022-05-08,0.4583333333333333,0.2916666666666667,0.6179138321995465,0.4,0.21111111111111114,0.4,,,,,,
2022-05-09,0.4166666666666667,0.3333333333333333,0.6150793650793651,0.44,0.20555555555555557,0.4,,,,,,
2022-05-10,0.40625,0.3958333333333333,0.6122448979591837,0.56,0.2,0.4,,,,,,
2022-05-11,0.4791666666666667,0.5208333333333334,0.4897959183673469,0.72,0.6,0.4,,,,,,
2022-05-12,0.5208333333333334,0.22916666666666666,0.5306122448979592,0.2,0.6,0.4,,,,,,
2022-05-13,0.2708333333333333,0.2916666666666667,0.5102040816326531,0.16,0.6,0.4,,,,,,
2022-05-14,0.34375,0.22916666666666666,0.5306122448979592,0.24,0.6,0.3,,,,,,
2022-05-15,0.3020833333333333,0.375,0.4897959183673469,0.44,0.6,0.4,,,,,,
2022-05-16,0.40625,0.4583333333333333,0.3673469387755102,0.4,0.6,0.4,,,,,,
2022-05-17,0.5833333333333334,0.25,0.32653061224489793,0.28,0.6,0.4,,,,,,
2022-05-18,0.25,0.3125,0.40816326530612246,0.48,0.5333333333333333,0.4,,,,,,
2022-05-19,0.21875,0.4583333333333333,0.4897959183673469,0.68,0.4666666666666667,0.5,,,,,,
2022-05-20,0.3541666666666667,0.2916666666666667,0.5714285714285714,0.44,0.39999999999999997,0.4,,,,,,
2022-05-21,0.34375,0.16666666666666666,0.653061224489796,0.08,0.3333333333333333,0.4,,,,,,
2022-05-22,0.19791666666666666,0.2604166666666667,0.7346938775510203,0.24,0.26666666666666666,0.30000000000000004,,,,,,
2022-05-31,0.22395833333333331,0.3541666666666667,0.8163265306122449,0.4,0.2,0.2,,,,,,
2022-06-01,0.25,0.22916666666666666,0.8775510204081632,0.4,0.2,0.2,,,,,,
2022-06-02,0.2916666666666667,0.2708333333333333,1.0,0.36,0.2,0.2,,,,,,
2022-06-03,0.2916666666666667,0.22916666666666666,0.5918367346938775,0.32,0.2,0.3,,,,,,
2022-06-04,0.3645833333333333,0.25,0.8979591836734694,0.28,0.2,0.3,,,,,,
2022-06-05,0.4166666666666667,0.20833333333333334,0.7142857142857143,0.16,0.2,0.2,,,,,,
2022-06-06,0.3229166666666667,0.20833333333333334,0.6326530612244898,0.32,0.2,0.2,,,,,,
2022-06-07,0.22916666666666666,0.2916666666666667,0.5510204081632654,0.36,0.2,0.3,,,,,,
2022-06-08,0.3958333333333333,0.2916666666666667,0.46938775510204084,0.44,0.2,0.3,,,,,,
2022-06-09,0.4166666666666667,0.2708333333333333,0.6326530612244898,0.2,0.2,0.3,,,,,,
2022-06-10,0.3958333333333333,0.22916666666666666,0.8163265306122449,0.16,0.2,0.3,,,,,,
2022-06-11,0.375,0.20833333333333334,0.8979591836734694,0.2,0.2,0.3,,,,,,
2022-06-12,0.3333333333333333,0.25,0.9591836734693877,0.32,0.2,0.3,,,,,,
2022-06-13,0.3125,0.22916666666666666,0.8571428571428571,0.16,0.4,0.2,,,,,,
2022-06-14,0.2604166666666667,0.20833333333333334,0.9387755102040817,0.4,0.4,0.2,,,,,,
2022-06-15,0.21875,0.3333333333333333,0.9591836734693878,0.8,0.6,0.3,,,,,,
2022-06-16,0.40625,0.20833333333333334,0.9795918367346939,0.2,0.5777777777777777,0.2,,,,,,
2022-06-17,0.22916666666666666,0.16666666666666666,1.0,0.24,0.5555555555555556,0.2,,,,,,
2022-06-18,0.22916666666666666,0.2708333333333333,1.0204081632653061,0.6,0.5333333333333333,0.3,,,,,,
2022-06-19,0.3854166666666667,0.3611111111111111,1.0408163265306123,0.32,0.5111111111111111,0.3,,,,,,
2022-06-20,0.3541666666666667,0.45138888888888884,1.0612244897959184,0.12,0.48888888888888893,0.2,,,,,,
2022-06-21,0.3229166666666667,0.5416666666666666,1.0816326530612246,0.32,0.4666666666666667,0.2,,,,,,
2022-06-22,0.2916666666666667,0.3541666666666667,1.1020408163265305,0.36,0.4444444444444445,0.2,,,,,,
2022-06-23,0.2708333333333333,0.3541666666666667,1.1224489795918366,0.36,0.4222222222222223,0.1,,,,,,
2022-06-24,0.3125,0.2916666666666667,1.1428571428571428,0.2,0.4,0.25,,,,,,
2022-06-25,0.3020833333333333,0.22916666666666666,1.163265306122449,0.32,0.4,0.4,,,,,,
2022-06-26,0.3125,0.4375,1.183673469387755,0.32,0.4,1.0,,,,,,
2022-06-27,0.4166666666666667,0.4583333333333333,0.9387755102040817,0.36,0.4,1.0,,,,,,
2022-06-28,0.46875,0.4791666666666667,0.9591836734693877,0.36,0.4,0.8,,,,,,
2022-06-29,0.4583333333333333,0.6041666666666666,1.0408163265306123,0.44,0.4,0.6000000000000001,,,,,,
2022-06-30,0.4479166666666667,0.6875,0.9183673469387755,0.32,0.6,0.4,,,,,,
2022-07-01,0.5520833333333334,0.3541666666666667,0.673469387755102,0.08,0.8,0.3666666666666667,,,,,,
2022-07-02,0.3333333333333333,0.2916666666666667,0.7755102040816326,0.16,0.8,0.3333333333333333,,,,,,
2022-07-03,0.375,0.4583333333333333,0.9183673469387755,0.24,0.6,0.3,,,,,,
2022-07-04,0.3333333333333333,0.4583333333333333,0.6938775510204082,0.2,0.4,0.3,,,,,,
2022-07-05,0.34375,0.2708333333333333,0.8367346938775511,0.16,0.4,0.3,,,,,,
2022-07-06,0.2708333333333333,0.2916666666666667,0.9183673469387755,0.24,0.4,0.3,,,,,,
2022-07-07,0.3125,0.3333333333333333,0.7959183673469388,0.16,0.4,0.3,,,,,,
2022-07-08,0.3541666666666667,0.20833333333333334,0.673469387755102,0.08,0.4,0.3,,,,,,
2022-07-09,0.25,0.22916666666666666,0.5918367346938775,0.04,0.4,0.3,,,,,,
2022-07-10,0.1875,0.3333333333333333,0.42857142857142855,0.16,0.4,0.3,,,,,,
2022-07-11,0.22916666666666666,0.3333333333333333,0.6054421768707483,0.24,0.4,0.3,,,,,,
2022-07-12,0.20833333333333334,0.375,0.782312925170068,0.24,0.4,0.3,,,,,,
2022-07-13,0.20833333333333334,0.375,0.9591836734693877,0.4,0.4,0.3,,,,,,
2022-07-14,0.22916666666666666,0.2708333333333333,0.7551020408163265,0.24,0.4,0.3,,,,,,
2022-07-15,0.25,0.20833333333333334,0.9387755102040817,0.16,0.4,0.3,,,,,,
2022-07-16,0.21875,0.125,0.7142857142857143,0.12,0.4,0.2,,,,,,
2022-07-17,0.13541666666666666,0.2916666666666667,1.0,0.28,0.4,0.3,,,,,,
2022-07-18,0.1875,0.3333333333333333,1.2857142857142858,0.52,0.4,0.3,,,,,,
2022-07-19,0.23958333333333334,0.4583333333333333,1.0408163265306123,0.72,0.8,0.4,,,,,,
2022-07-20,0.34375,0.5416666666666666,0.8163265306122449,0.36,0.6,0.3,,,,,,
2022-07-21,0.3229166666666667,0.4791666666666667,0.5102040816326531,0.6,0.4,0.3,,,,,,
2022-07-22,0.3541666666666667,0.5416666666666666,1.1428571428571428,0.36,0.4,0.4,,,,,,
2022-07-23,0.4895833333333333,0.25,1.0204081632653061,0.12,0.2,0.3,,,,,,
2022-07-24,0.3541666666666667,0.3333333333333333,1.3061224489795917,0.36,0.4,0.3,,,,,,
2022-07-25,0.3333333333333333,0.4375,0.6938775510204082,0.64,0.4,0.5,,,,,,
2022-07-26,0.53125,0.25,0.9795918367346939,0.2,0.4,0.4,,,,,,
2022-07-27,0.3645833333333333,0.22916666666666666,1.2857142857142858,0.24,0.4,0.5,,,,,,
2022-07-28,0.2916666666666667,0.3125,1.0408163265306123,0.24,0.4,0.4,,,,,,
2022-07-29,0.3229166666666667,0.1875,1.0693877551020408,0.16,0.4,0.5,,,,,,
2022-07-30,0.3229166666666667,0.16666666666666666,1.0979591836734695,0.16,0.4,0.4,,,,,,
2022-07-31,0.2708333333333333,0.20833333333333334,1.126530612244898,0.32,0.4,0.4,,,,,,
2022-08-01,0.2916666666666667,0.20833333333333334,1.1551020408163266,0.28,0.4,0.4,,,,,,
2022-08-02,0.2708333333333333,0.22916666666666666,1.183673469387755,0.36,0.4,0.5,,,,,,
2022-08-03,0.3125,0.3125,1.3265306122448979,0.44,0.4,0.5,,,,,,
2022-08-04,0.3229166666666667,0.375,1.469387755102041,0.6,0.4,0.5,,,,,,
2022-08-05,0.3645833333333333,0.4583333333333333,1.1768707482993197,0.44,0.4,0.5,,,,,,
2022-08-06,0.375,0.14583333333333334,0.8843537414965986,0.08,0.4,0.4,,,,,,
2022-08-07,0.17708333333333334,0.2708333333333333,0.5918367346938775,0.24,0.4,0.4,,,,,,
2022-08-08,0.2708333333333333,0.2708333333333333,0.3673469387755102,0.24,0.4,0.4,,,,,,
2022-08-09,0.3229166666666667,0.20833333333333334,0.673469387755102,0.2,0.4,0.4,,,,,,
2022-08-10,0.17708333333333334,0.3125,0.6530612244897959,0.24,0.4,0.4,,,,,,
2022-08-11,0.1875,0.20833333333333334,0.7346938775510204,0.32,0.4,0.4,,,,,,
2022-08-12,0.20833333333333334,0.2708333333333333,0.9387755102040817,0.28,0.4,0.3,,,,,,
2022-08-13,0.34375,0.5208333333333334,1.0408163265306123,0.32,0.4,0.3,,,,,,
2022-08-14,0.4375,0.5625,0.8775510204081632,0.48,0.4,0.4,,,,,,
2022-08-15,0.3958333333333333,0.5833333333333334,0.9591836734693877,0.52,0.4,0.3,,,,,,
2022-08-16,0.3854166666666667,0.3125,0.16326530612244897,0.52,0.4,0.4,,,,,,
2022-08-17,0.3333333333333333,0.4583333333333333,1.2040816326530612,0.52,0.4,0.4,,,,,,
2022-08-18,0.4270833333333333,0.5416666666666666,1.0408163265306123,0.32,0.4,0.3,,,,,,
2022-08-19,0.4791666666666667,0.3333333333333333,0.5918367346938775,0.2,0.4,0.4,,,,,,
2022-08-20,0.5208333333333334,0.125,0.46938775510204084,0.04,0.4,0.3,,,,,,
2022-08-21,0.20833333333333334,0.16666666666666666,0.5918367346938775,0.08,0.4,0.3,,,,,,
2022-08-22,0.25,0.22916666666666666,0.673469387755102,0.12,0.4,0.3,,,,,,
2022-08-23,0.3645833333333333,0.2708333333333333,0.673469387755102,0.08,0.4,0.4,,,,,,
2022-08-24,0.4270833333333333,0.3958333333333333,1.1020408163265305,0.24,0.4,0.3,,,,,,
2022-08-25,0.46875,0.5833333333333334,1.1224489795918366,0.52,0.4,0.3,,,,,,
2022-08-26,0.5104166666666666,0.5416666666666666,1.4081632653061225,0.56,0.4,0.3,,,,,,
2022-08-27,0.46875,0.4583333333333333,1.0408163265306123,0.32,0.4,0.3,,,,,,
2022-08-28,0.4166666666666667,0.20833333333333334,0.7346938775510204,0.28,0.4,0.3,,,,,,
2022-08-29,0.2708333333333333,0.2708333333333333,0.9183673469387755,0.44,0.4,0.4,,,,,,
2022-08-30,0.3854166666666667,0.25,0.8571428571428571,0.4,0.4,0.3,,,,,,
2022-08-31,0.34375,0.20833333333333331,0.5102040816326531,0.36,0.4,0.25,,,,,,
2022-09-01,0.265625,0.16666666666666666,0.5102040816326531,0.32,0.4,0.2,,,,,,
2022-09-02,0.1875,0.2708333333333333,0.5102040816326531,0.56,0.4,0.3,,,,,,
2022-09-03,0.34375,0.2708333333333333,0.5238095238095238,0.52,0.4,0.3,,,,,,
2022-09-04,0.4166666666666667,0.3125,0.5374149659863945,0.68,0.4,0.3,0.36718103289604187,0.30821263790130615,0.5755417346954346,0.45383045077323914,0.35672110319137573,0.3078729808330536
2022-09-05,0.4375,0.3333333333333333,0.5510204081632653,0.52,0.4,0.3,0.39622461795806885,0.3239293694496155,0.5946234464645386,0.44068393111228943,0.33319148421287537,0.3205828070640564
2022-09-06,0.40625,0.4583333333333333,0.8571428571428571,0.64,0.4,0.3,0.4172658920288086,0.345209002494812,0.5920209288597107,0.44710052013397217,0.32200518250465393,0.3393520712852478
2022-09-07,0.5833333333333334,0.5,0.9183673469387755,0.64,1.0,0.4,0.43768876791000366,0.3687021732330322,0.5800980925559998,0.4640050530433655,0.3168966770172119,0.36237648129463196
2022-09-08,0.5833333333333334,0.16666666666666666,0.7346938775510204,0.04,0.6,0.3,0.46240824460983276,0.3891037106513977,0.5764809846878052,0.47325706481933594,0.3104083836078644,0.3822976350784302
2022-09-09,0.21875,0.125,0.673469387755102,0.22,0.6,0.3,0.48488521575927734,0.40728282928466797,0.5741569995880127,0.4801251292228699,0.3017418682575226,0.400270015001297
2022-09-10,0.19791666666666666,0.0625,0.2653061224489796,0.39999999999999997,0.6,0.3,0.5084806680679321,0.424358069896698,0.5753480792045593,0.47627371549606323,0.2922669053077698,0.41506490111351013
2022-09-11,0.11458333333333333,0.16666666666666666,0.5918367346938775,0.5800000000000001,0.4,0.3,0.5300106406211853,0.4377043843269348,0.5779532194137573,0.46907177567481995,0.28269141912460327,0.42775338888168335
2022-09-12,0.23958333333333334,0.2916666666666667,0.6122448979591837,0.76,0.6,0.3,0.5477511882781982,0.44876039028167725,0.5780699253082275,0.46512821316719055,0.2745915651321411,0.4402543902397156
2022-09-13,0.3333333333333333,0.4375,0.7142857142857143,1.04,0.6,0.4,0.562964141368866,0.4592124819755554,0.5759369134902954,0.46429118514060974,0.26819831132888794,0.45300906896591187
2022-09-14,0.46875,0.20833333333333334,0.4897959183673469,0.56,0.6,0.4,0.5771211981773376,0.4694070816040039,0.5727599859237671,0.46455323696136475,0.2628818154335022,0.46555984020233154
2022-09-15,0.2604166666666667,0.16666666666666666,0.5510204081632653,0.2,0.4,0.3,0.5908499956130981,0.4790026545524597,0.5696836113929749,0.4641055166721344,0.258004754781723,0.4773070812225342
2022-09-16,0.3020833333333333,0.10416666666666667,0.4897959183673469,0.2,0.4,0.3,0.6038932800292969,0.48767340183258057,0.5668507218360901,0.4628179967403412,0.25340622663497925,0.4880899488925934
2022-09-17,0.17708333333333334,0.0625,0.40816326530612246,0.16,0.4,0.2,0.6160507202148438,0.4953765273094177,0.5642703771591187,0.4608663320541382,0.24913938343524933,0.4979430139064789
2022-09-18,0.09375,0.041666666666666664,0.5102040816326531,0.24,0.4,0.2,0.6271881461143494,0.5021588206291199,0.5616957545280457,0.4588216543197632,0.2452918440103531,0.5070109367370605
2022-09-19,0.07291666666666667,0.10416666666666667,0.46938775510204084,0.24,0.6,0.3,0.637261152267456,0.508221447467804,0.5588845014572144,0.45719340443611145,0.24194824695587158,0.515487015247345
2022-09-20,0.15625,0.14583333333333334,0.42857142857142855,0.32,0.4,0.3,0.6464315056800842,0.5137800574302673,0.5558366179466248,0.4560272991657257,0.23909153044223785,0.5234641432762146
2022-09-21,0.22916666666666666,0.16666666666666666,0.4897959183673469,0.32,0.4,0.3,0.654903769493103,0.5189425349235535,0.5526726245880127,0.4551210403442383,0.2366311401128769,0.53094083070755
2022-09-22,0.2604166666666667,0.22916666666666666,0.30612244897959184,0.32,0.4,0.3,0.6628040671348572,0.5237257480621338,0.5495070815086365,0.45428934693336487,0.2344776690006256,0.5378925204277039
2022-09-23,0.375,0.2708333333333333,0.6326530612244898,0.32,0.4,0.4,0.6701710820198059,0.5281230807304382,0.5463846921920776,0.45348411798477173,0.23258225619792938,0.5443208813667297
2022-09-25,0.43229166666666663,0.3125,0.3673469387755102,0.32,0.4,0.5,0.6770146489143372,0.5321487784385681,0.5433070659637451,0.4527376890182495,0.23092569410800934,0.5502550601959229
2022-09-26,0.4895833333333333,0.375,0.10204081632653061,0.32,0.4,0.5,0.6833518147468567,0.5358393788337708,0.5402556657791138,0.45210590958595276,0.22949853539466858,0.5557383894920349
2022-09-27,0.5416666666666666,0.14583333333333334,0.10204081632653061,0.32,0.4,0.3,0.6892165541648865,0.5392420291900635,0.5372165441513062,0.45162445306777954,0.22828879952430725,0.5608145594596863
2022-09-28,0.15625,0.16666666666666666,0.10204081632653061,0.32,0.4,0.4,0.6946563720703125,0.5423998832702637,0.5341929793357849,0.45128971338272095,0.22727718949317932,0.5655168294906616
2022-09-29,0.2604166666666667,0.20833333333333334,0.10204081632653061,0.32,0.4,0.4,0.6997202634811401,0.5453437566757202,0.5311990976333618,0.4510743021965027,0.22643855214118958,0.5698686838150024
2022-09-30,0.375,0.2708333333333333,0.10204081632653061,0.32,0.4,0.4,0.7044473886489868,0.5480932593345642,0.5282481908798218,0.45095205307006836,0.22574983537197113,0.5738895535469055
2022-10-01,0.5,0.08333333333333333,0.10204081632653061,0.32,0.4,0.3,0.7088662981987,0.5506628751754761,0.5253467559814453,0.4509095549583435,0.2251928448677063,0.5775993466377258
2022-10-02,0.13541666666666666,0.14583333333333334,0.10204081632653061,0.32,0.4,0.3,0.7129997611045837,0.5530670881271362,0.5224963426589966,0.4509425759315491,0.22475454211235046,0.5810196995735168
2022-10-03,0.17708333333333334,0.14583333333333334,0.10204081632653061,0.32,0.4,0.3,0.7168686389923096,0.5553210973739624,0.5196957588195801,0.45105043053627014,0.22442331910133362,0.584172248840332
2022-10-04,0.20833333333333334,0.375,0.10204081632653061,0.32,0.4,0.3,0.720494270324707,0.5574400424957275,0.516944169998169,0.45122990012168884,0.22418898344039917,0.5870779156684875
2022-10-05,0.4895833333333333,0.5208333333333334,0.10204081632653061,0.32,0.4,0.31666666666666665,0.7238978147506714,0.5594375133514404,0.5142421126365662,0.4514741897583008,0.22404079139232635,0.5897550582885742
2022-10-06,0.625,0.4375,0.10204081632653061,0.32,0.4,0.3333333333333333,0.7270988821983337,0.561324954032898,0.511590838432312,0.45177507400512695,0.22396868467330933,0.5922202467918396
2022-10-07,0.5833333333333334,0.5208333333333334,0.10204081632653061,0.32,0.4,0.35,0.7301146984100342,0.5631114840507507,0.5089913606643677,0.4521249532699585,0.22396382689476013,0.5944887399673462
2022-10-08,0.6666666666666666,0.4791666666666667,0.10204081632653061,0.32,0.4,0.3666666666666667,0.7329604029655457,0.5648053884506226,0.5064437389373779,0.45251742005348206,0.22401832044124603,0.5965749621391296
2022-10-09,0.6458333333333334,0.3125,0.10204081632653061,0.32,0.4,0.38333333333333336,0.7356494069099426,0.5664138793945312,0.503947377204895,0.45294782519340515,0.22412507236003876,0.5984919667243958
2022-10-10,0.3125,0.5625,0.10204081632653061,0.32,0.4,0.4,0.7381940484046936,0.5679436922073364,0.5015017986297607,0.45341193675994873,0.2242782711982727,0.6002527475357056
2022-10-11,0.625,0.6666666666666666,0.10204081632653061,0.32,0.4,0.4,0.7406055927276611,0.5694010853767395,0.4991060197353363,0.45390576124191284,0.22447218000888824,0.6018691062927246
2022-10-12,0.75,0.7083333333333334,0.10204081632653061,0.32,0.4,0.4,0.7428944706916809,0.5707916021347046,0.4967593848705292,0.4544251561164856,0.22470179200172424,0.6033519506454468
2022-10-13,0.78125,0.7291666666666666,0.10204081632653061,0.32,0.4,0.4,0.7450703382492065,0.5721201300621033,0.49446097016334534,0.45496636629104614,0.22496254742145538,0.60471111536026
2022-10-14,0.8229166666666666,0.6666666666666666,0.10204081632653061,0.32,0.4,0.3,0.74714195728302,0.5733912587165833,0.49221011996269226,0.45552584528923035,0.2252502143383026,0.6059560775756836
2022-10-15,0.75,0.4166666666666667,0.10204081632653061,0.32,0.4,0.2,0.7491170167922974,0.5746086835861206,0.49000582098960876,0.45610037446022034,0.225561261177063,0.6070953607559204
2022-10-16,0.53125,0.6041666666666666,0.10204081632653061,0.32,0.4,0.4,0.7510027289390564,0.5757759809494019,0.487847238779068,0.4566872715950012,0.2258920967578888,0.6081368327140808
2022-10-17,0.65625,0.7083333333333334,0.10204081632653061,0.32,0.4,0.4,0.7528057098388672,0.5768965482711792,0.48573341965675354,0.4572840929031372,0.22623994946479797,0.6090880036354065
2022-10-18,0.6979166666666666,0.4583333333333333,0.10204081632653061,0.32,0.4,0.2,0.7545316219329834,0.5779733061790466,0.4836631715297699,0.45788881182670593,0.2266019582748413,0.6099556684494019
2022-10-19,0.5208333333333334,0.375,0.10204081632653061,0.32,0.4,0.2,0.756186306476593,0.579008936882019,0.481635719537735,0.4584990441799164,0.22697576880455017,0.6107460856437683
2022-10-20,0.4375,0.5,0.10204081632653061,0.32,0.4,0.3,0.7577744126319885,0.5800058245658875,0.4796501696109772,0.4591130316257477,0.22735919058322906,0.6114651560783386
2022-10-21,0.6145833333333334,0.5625,0.10204081632653061,0.32,0.4,0.3,0.7593005895614624,0.5809661746025085,0.47770532965660095,0.4597291648387909,0.22775039076805115,0.6121183633804321
2022-10-22,0.65625,0.375,0.10204081632653061,0.32,0.4,0.3,0.7607689499855042,0.581892192363739,0.47580060362815857,0.4603460133075714,0.228147491812706,0.6127105951309204
2022-10-23,0.625,0.3541666666666667,0.10204081632653061,0.32,0.4,0.2,0.7621832489967346,0.5827856063842773,0.4739347994327545,0.4609622657299042,0.22854894399642944,0.6132466197013855
2022-10-24,0.6041666666666666,0.3541666666666667,0.10204081632653061,0.32,0.4,0.2,0.7635473012924194,0.5836482644081116,0.4721072316169739,0.4615766406059265,0.2289532721042633,0.6137305498123169
